,Unnamed: 0,continent,location,date,total_cases,total_deaths,total_tests,total_vaccinations,population
175441,175441,Africa,Uganda,2020-03-21,1.0,,,,47123533.0
175442,175442,Africa,Uganda,2020-03-22,1.0,,,,47123533.0
175443,175443,Africa,Uganda,2020-03-23,9.0,,,,47123533.0
175444,175444,Africa,Uganda,2020-03-24,9.0,,,,47123533.0
175445,175445,Africa,Uganda,2020-03-25,14.0,,,,47123533.0
175446,175446,Africa,Uganda,2020-03-26,14.0,,,,47123533.0
175447,175447,Africa,Uganda,2020-03-27,23.0,,,,47123533.0
175448,175448,Africa,Uganda,2020-03-28,30.0,,,,47123533.0
175449,175449,Africa,Uganda,2020-03-29,33.0,,,,47123533.0
175450,175450,Africa,Uganda,2020-03-30,33.0,,,,47123533.0
175451,175451,Africa,Uganda,2020-03-31,44.0,,,,47123533.0
175452,175452,Africa,Uganda,2020-04-01,44.0,,1510.0,,47123533.0
175453,175453,Africa,Uganda,2020-04-02,45.0,,,,47123533.0
175454,175454,Africa,Uganda,2020-04-03,48.0,,,,47123533.0
175455,175455,Africa,Uganda,2020-04-04,48.0,,,,47123533.0
175456,175456,Africa,Uganda,2020-04-05,52.0,,,,47123533.0
175457,175457,Africa,Uganda,2020-04-06,52.0,,3160.0,,47123533.0
175458,175458,Africa,Uganda,2020-04-07,52.0,,3310.0,,47123533.0
175459,175459,Africa,Uganda,2020-04-08,53.0,,3524.0,,47123533.0
175460,175460,Africa,Uganda,2020-04-09,53.0,,3862.0,,47123533.0
175461,175461,Africa,Uganda,2020-04-10,53.0,,4301.0,,47123533.0
175462,175462,Africa,Uganda,2020-04-11,53.0,,,,47123533.0
175463,175463,Africa,Uganda,2020-04-12,54.0,,5025.0,,47123533.0
175464,175464,Africa,Uganda,2020-04-13,54.0,,5664.0,,47123533.0
175465,175465,Africa,Uganda,2020-04-14,55.0,,6661.0,,47123533.0
175466,175466,Africa,Uganda,2020-04-15,55.0,,7693.0,,47123533.0
175467,175467,Africa,Uganda,2020-04-16,55.0,,8855.0,,47123533.0
175468,175468,Africa,Uganda,2020-04-17,56.0,,9975.0,,47123533.0
175469,175469,Africa,Uganda,2020-04-18,55.0,,11101.0,,47123533.0
175470,175470,Africa,Uganda,2020-04-19,55.0,,12565.0,,47123533.0
175471,175471,Africa,Uganda,2020-04-20,56.0,,13742.0,,47123533.0
175472,175472,Africa,Uganda,2020-04-21,61.0,,14761.0,,47123533.0
175473,175473,Africa,Uganda,2020-04-22,63.0,,16057.0,,47123533.0
175474,175474,Africa,Uganda,2020-04-23,74.0,,17388.0,,47123533.0
175475,175475,Africa,Uganda,2020-04-24,75.0,,18921.0,,47123533.0
175476,175476,Africa,Uganda,2020-04-25,75.0,,20329.0,,47123533.0
175477,175477,Africa,Uganda,2020-04-26,79.0,,22318.0,,47123533.0
175478,175478,Africa,Uganda,2020-04-27,79.0,,24875.0,,47123533.0
175479,175479,Africa,Uganda,2020-04-28,79.0,,27275.0,,47123533.0
175480,175480,Africa,Uganda,2020-04-29,81.0,,29277.0,,47123533.0
175481,175481,Africa,Uganda,2020-04-30,83.0,,31978.0,,47123533.0
175482,175482,Africa,Uganda,2020-05-01,85.0,,34432.0,,47123533.0
175483,175483,Africa,Uganda,2020-05-02,88.0,,36916.0,,47123533.0
175484,175484,Africa,Uganda,2020-05-03,89.0,,39846.0,,47123533.0
175485,175485,Africa,Uganda,2020-05-04,97.0,,42092.0,,47123533.0
175486,175486,Africa,Uganda,2020-05-05,98.0,,44724.0,,47123533.0
175487,175487,Africa,Uganda,2020-05-06,100.0,,48233.0,,47123533.0
175488,175488,Africa,Uganda,2020-05-07,101.0,,52042.0,,47123533.0
175489,175489,Africa,Uganda,2020-05-08,101.0,,55203.0,,47123533.0
175490,175490,Africa,Uganda,2020-05-09,116.0,,57768.0,,47123533.0
175491,175491,Africa,Uganda,2020-05-10,121.0,,59607.0,,47123533.0
175492,175492,Africa,Uganda,2020-05-11,121.0,,62461.0,,47123533.0
175493,175493,Africa,Uganda,2020-05-12,129.0,,64172.0,,47123533.0
175494,175494,Africa,Uganda,2020-05-13,139.0,,66276.0,,47123533.0
175495,175495,Africa,Uganda,2020-05-14,160.0,,68172.0,,47123533.0
175496,175496,Africa,Uganda,2020-05-15,203.0,,70730.0,,47123533.0
175497,175497,Africa,Uganda,2020-05-16,227.0,,72774.0,,47123533.0
175498,175498,Africa,Uganda,2020-05-17,227.0,,,,47123533.0
175499,175499,Africa,Uganda,2020-05-18,248.0,,,,47123533.0
175500,175500,Africa,Uganda,2020-05-19,260.0,,,,47123533.0
175501,175501,Africa,Uganda,2020-05-20,264.0,,,,47123533.0
175502,175502,Africa,Uganda,2020-05-21,160.0,,,,47123533.0
175503,175503,Africa,Uganda,2020-05-22,175.0,,,,47123533.0
175504,175504,Africa,Uganda,2020-05-23,198.0,,,,47123533.0
175505,175505,Africa,Uganda,2020-05-24,198.0,,,,47123533.0
175506,175506,Africa,Uganda,2020-05-25,222.0,,,,47123533.0
175507,175507,Africa,Uganda,2020-05-26,253.0,,,,47123533.0
175508,175508,Africa,Uganda,2020-05-27,281.0,,,,47123533.0
175509,175509,Africa,Uganda,2020-05-28,317.0,,,,47123533.0
175510,175510,Africa,Uganda,2020-05-29,329.0,,,,47123533.0
175511,175511,Africa,Uganda,2020-05-30,413.0,,,,47123533.0
175512,175512,Africa,Uganda,2020-05-31,417.0,,,,47123533.0
175513,175513,Africa,Uganda,2020-06-01,457.0,,,,47123533.0
175514,175514,Africa,Uganda,2020-06-02,489.0,,,,47123533.0
175515,175515,Africa,Uganda,2020-06-03,507.0,,,,47123533.0
175516,175516,Africa,Uganda,2020-06-04,522.0,,129198.0,,47123533.0
175517,175517,Africa,Uganda,2020-06-05,557.0,,130508.0,,47123533.0
175518,175518,Africa,Uganda,2020-06-06,593.0,,133002.0,,47123533.0
175519,175519,Africa,Uganda,2020-06-07,616.0,,136760.0,,47123533.0
175520,175520,Africa,Uganda,2020-06-08,646.0,,139096.0,,47123533.0
175521,175521,Africa,Uganda,2020-06-09,657.0,,141519.0,,47123533.0
175522,175522,Africa,Uganda,2020-06-10,665.0,,143840.0,,47123533.0
175523,175523,Africa,Uganda,2020-06-11,679.0,,146372.0,,47123533.0
175524,175524,Africa,Uganda,2020-06-12,686.0,,148960.0,,47123533.0
175525,175525,Africa,Uganda,2020-06-13,694.0,,151909.0,,47123533.0
175526,175526,Africa,Uganda,2020-06-14,696.0,,154586.0,,47123533.0
175527,175527,Africa,Uganda,2020-06-15,705.0,,156798.0,,47123533.0
175528,175528,Africa,Uganda,2020-06-16,724.0,,159324.0,,47123533.0
175529,175529,Africa,Uganda,2020-06-17,732.0,,162026.0,,47123533.0
175530,175530,Africa,Uganda,2020-06-18,741.0,,165067.0,,47123533.0
175531,175531,Africa,Uganda,2020-06-19,755.0,,166917.0,,47123533.0
175532,175532,Africa,Uganda,2020-06-20,763.0,,169852.0,,47123533.0
175533,175533,Africa,Uganda,2020-06-21,770.0,,172076.0,,47123533.0
175534,175534,Africa,Uganda,2020-06-22,774.0,,174295.0,,47123533.0
175535,175535,Africa,Uganda,2020-06-23,797.0,,176491.0,,47123533.0
175536,175536,Africa,Uganda,2020-06-24,805.0,,179946.0,,47123533.0
175537,175537,Africa,Uganda,2020-06-25,821.0,,182059.0,,47123533.0
175538,175538,Africa,Uganda,2020-06-26,833.0,,184927.0,,47123533.0
175539,175539,Africa,Uganda,2020-06-27,848.0,,188313.0,,47123533.0
175540,175540,Africa,Uganda,2020-06-28,859.0,,190643.0,,47123533.0
175541,175541,Africa,Uganda,2020-06-29,870.0,,192813.0,,47123533.0
175542,175542,Africa,Uganda,2020-06-30,889.0,,194872.0,,47123533.0
175543,175543,Africa,Uganda,2020-07-01,893.0,,,,47123533.0
175544,175544,Africa,Uganda,2020-07-02,902.0,,200179.0,,47123533.0
175545,175545,Africa,Uganda,2020-07-03,911.0,,205312.0,,47123533.0
175546,175546,Africa,Uganda,2020-07-04,927.0,,207415.0,,47123533.0
175547,175547,Africa,Uganda,2020-07-05,939.0,,210446.0,,47123533.0
175548,175548,Africa,Uganda,2020-07-06,953.0,,212860.0,,47123533.0
175549,175549,Africa,Uganda,2020-07-07,971.0,,216311.0,,47123533.0
175550,175550,Africa,Uganda,2020-07-08,977.0,,219627.0,,47123533.0
175551,175551,Africa,Uganda,2020-07-09,1000.0,,221675.0,,47123533.0
175552,175552,Africa,Uganda,2020-07-10,1006.0,,224111.0,,47123533.0
175553,175553,Africa,Uganda,2020-07-11,1013.0,,225813.0,,47123533.0
175554,175554,Africa,Uganda,2020-07-12,1025.0,,228105.0,,47123533.0
175555,175555,Africa,Uganda,2020-07-13,1029.0,,230680.0,,47123533.0
175556,175556,Africa,Uganda,2020-07-14,1040.0,,,,47123533.0
175557,175557,Africa,Uganda,2020-07-15,1043.0,,235015.0,,47123533.0
175558,175558,Africa,Uganda,2020-07-16,1051.0,,238709.0,,47123533.0
175559,175559,Africa,Uganda,2020-07-17,1056.0,,242405.0,,47123533.0
175560,175560,Africa,Uganda,2020-07-18,1062.0,,245450.0,,47123533.0
175561,175561,Africa,Uganda,2020-07-19,1065.0,,247646.0,,47123533.0
175562,175562,Africa,Uganda,2020-07-20,1069.0,,250029.0,,47123533.0
175563,175563,Africa,Uganda,2020-07-21,1072.0,,252127.0,,47123533.0
175564,175564,Africa,Uganda,2020-07-22,1075.0,,254255.0,,47123533.0
175565,175565,Africa,Uganda,2020-07-23,1079.0,,256040.0,,47123533.0
175566,175566,Africa,Uganda,2020-07-24,1089.0,1.0,258528.0,,47123533.0
175567,175567,Africa,Uganda,2020-07-25,1103.0,1.0,260465.0,,47123533.0
175568,175568,Africa,Uganda,2020-07-26,1115.0,2.0,262277.0,,47123533.0
175569,175569,Africa,Uganda,2020-07-27,1128.0,2.0,264162.0,,47123533.0
175570,175570,Africa,Uganda,2020-07-28,1135.0,2.0,266856.0,,47123533.0
175571,175571,Africa,Uganda,2020-07-29,1140.0,2.0,269576.0,,47123533.0
175572,175572,Africa,Uganda,2020-07-30,1147.0,2.0,272805.0,,47123533.0
175573,175573,Africa,Uganda,2020-07-31,1154.0,3.0,275355.0,,47123533.0
175574,175574,Africa,Uganda,2020-08-01,1176.0,4.0,278262.0,,47123533.0
175575,175575,Africa,Uganda,2020-08-02,1182.0,4.0,280747.0,,47123533.0
175576,175576,Africa,Uganda,2020-08-03,1195.0,5.0,282512.0,,47123533.0
175577,175577,Africa,Uganda,2020-08-04,1203.0,5.0,284790.0,,47123533.0
175578,175578,Africa,Uganda,2020-08-05,1213.0,5.0,288367.0,,47123533.0
175579,175579,Africa,Uganda,2020-08-06,1223.0,5.0,290701.0,,47123533.0
175580,175580,Africa,Uganda,2020-08-07,1254.0,6.0,293397.0,,47123533.0
175581,175581,Africa,Uganda,2020-08-08,1267.0,6.0,296601.0,,47123533.0
175582,175582,Africa,Uganda,2020-08-09,1283.0,7.0,299036.0,,47123533.0
175583,175583,Africa,Uganda,2020-08-10,1297.0,9.0,301286.0,,47123533.0
175584,175584,Africa,Uganda,2020-08-11,1313.0,9.0,304485.0,,47123533.0
175585,175585,Africa,Uganda,2020-08-12,1332.0,9.0,308503.0,,47123533.0
175586,175586,Africa,Uganda,2020-08-13,1353.0,11.0,312792.0,,47123533.0
175587,175587,Africa,Uganda,2020-08-14,1385.0,12.0,316560.0,,47123533.0
175588,175588,Africa,Uganda,2020-08-15,1434.0,13.0,321376.0,,47123533.0
175589,175589,Africa,Uganda,2020-08-16,1500.0,13.0,325637.0,,47123533.0
175590,175590,Africa,Uganda,2020-08-17,1560.0,15.0,329542.0,,47123533.0
175591,175591,Africa,Uganda,2020-08-18,1603.0,15.0,333667.0,,47123533.0
175592,175592,Africa,Uganda,2020-08-19,1656.0,16.0,336713.0,,47123533.0
175593,175593,Africa,Uganda,2020-08-20,1750.0,19.0,340844.0,,47123533.0
175594,175594,Africa,Uganda,2020-08-21,1848.0,19.0,,,47123533.0
175595,175595,Africa,Uganda,2020-08-22,2166.0,20.0,,,47123533.0
175596,175596,Africa,Uganda,2020-08-23,2263.0,20.0,351845.0,,47123533.0
175597,175597,Africa,Uganda,2020-08-24,2362.0,22.0,355057.0,,47123533.0
175598,175598,Africa,Uganda,2020-08-25,2426.0,25.0,359289.0,,47123533.0
175599,175599,Africa,Uganda,2020-08-26,2524.0,26.0,363802.0,,47123533.0
175600,175600,Africa,Uganda,2020-08-27,2679.0,28.0,367423.0,,47123533.0
175601,175601,Africa,Uganda,2020-08-28,2756.0,28.0,371898.0,,47123533.0
175602,175602,Africa,Uganda,2020-08-29,2847.0,29.0,375788.0,,47123533.0
175603,175603,Africa,Uganda,2020-08-30,2928.0,30.0,378185.0,,47123533.0
175604,175604,Africa,Uganda,2020-08-31,2972.0,32.0,381749.0,,47123533.0
175605,175605,Africa,Uganda,2020-09-01,3037.0,32.0,385882.0,,47123533.0
175606,175606,Africa,Uganda,2020-09-02,3112.0,32.0,391335.0,,47123533.0
175607,175607,Africa,Uganda,2020-09-03,3288.0,33.0,395875.0,,47123533.0
175608,175608,Africa,Uganda,2020-09-04,3353.0,35.0,400624.0,,47123533.0
175609,175609,Africa,Uganda,2020-09-05,3539.0,39.0,405277.0,,47123533.0
175610,175610,Africa,Uganda,2020-09-06,3667.0,41.0,411666.0,,47123533.0
175611,175611,Africa,Uganda,2020-09-07,3776.0,44.0,415908.0,,47123533.0
175612,175612,Africa,Uganda,2020-09-08,3900.0,46.0,417897.0,,47123533.0
175613,175613,Africa,Uganda,2020-09-09,4101.0,46.0,420198.0,,47123533.0
175614,175614,Africa,Uganda,2020-09-10,4291.0,48.0,423214.0,,47123533.0
175615,175615,Africa,Uganda,2020-09-11,4377.0,49.0,427320.0,,47123533.0
175616,175616,Africa,Uganda,2020-09-12,4703.0,52.0,430670.0,,47123533.0
175617,175617,Africa,Uganda,2020-09-13,4799.0,55.0,434243.0,,47123533.0
175618,175618,Africa,Uganda,2020-09-14,4978.0,56.0,436246.0,,47123533.0
175619,175619,Africa,Uganda,2020-09-15,5123.0,58.0,439025.0,,47123533.0
175620,175620,Africa,Uganda,2020-09-16,5266.0,60.0,441710.0,,47123533.0
175621,175621,Africa,Uganda,2020-09-17,5380.0,60.0,444346.0,,47123533.0
175622,175622,Africa,Uganda,2020-09-18,5594.0,61.0,446666.0,,47123533.0
175623,175623,Africa,Uganda,2020-09-19,6017.0,63.0,451737.0,,47123533.0
175624,175624,Africa,Uganda,2020-09-20,6287.0,63.0,453593.0,,47123533.0
175625,175625,Africa,Uganda,2020-09-21,6468.0,63.0,457128.0,,47123533.0
175626,175626,Africa,Uganda,2020-09-22,6712.0,64.0,460690.0,,47123533.0
175627,175627,Africa,Uganda,2020-09-23,6879.0,69.0,463618.0,,47123533.0
175628,175628,Africa,Uganda,2020-09-24,7064.0,70.0,465600.0,,47123533.0
175629,175629,Africa,Uganda,2020-09-25,7218.0,71.0,469003.0,,47123533.0
175630,175630,Africa,Uganda,2020-09-26,7364.0,71.0,473456.0,,47123533.0
175631,175631,Africa,Uganda,2020-09-27,7530.0,73.0,477473.0,,47123533.0
175632,175632,Africa,Uganda,2020-09-28,7777.0,75.0,478687.0,,47123533.0
175633,175633,Africa,Uganda,2020-09-29,8017.0,75.0,480037.0,,47123533.0
175634,175634,Africa,Uganda,2020-09-30,8129.0,75.0,482658.0,,47123533.0
175635,175635,Africa,Uganda,2020-10-01,8287.0,75.0,486658.0,,47123533.0
175636,175636,Africa,Uganda,2020-10-02,8491.0,79.0,489264.0,,47123533.0
175637,175637,Africa,Uganda,2020-10-03,8662.0,79.0,491547.0,,47123533.0
175638,175638,Africa,Uganda,2020-10-04,8808.0,81.0,493595.0,,47123533.0
175639,175639,Africa,Uganda,2020-10-05,8965.0,82.0,495696.0,,47123533.0
175640,175640,Africa,Uganda,2020-10-06,9082.0,84.0,497498.0,,47123533.0
175641,175641,Africa,Uganda,2020-10-07,9260.0,85.0,501040.0,,47123533.0
175642,175642,Africa,Uganda,2020-10-08,9442.0,85.0,502829.0,,47123533.0
175643,175643,Africa,Uganda,2020-10-09,9538.0,86.0,505662.0,,47123533.0
175644,175644,Africa,Uganda,2020-10-10,9701.0,93.0,507859.0,,47123533.0
175645,175645,Africa,Uganda,2020-10-11,9801.0,93.0,508899.0,,47123533.0
175646,175646,Africa,Uganda,2020-10-12,9864.0,94.0,511156.0,,47123533.0
175647,175647,Africa,Uganda,2020-10-13,9945.0,95.0,513414.0,,47123533.0
175648,175648,Africa,Uganda,2020-10-14,10069.0,95.0,514923.0,,47123533.0
175649,175649,Africa,Uganda,2020-10-15,10117.0,96.0,518558.0,,47123533.0
175650,175650,Africa,Uganda,2020-10-16,10334.0,96.0,520450.0,,47123533.0
175651,175651,Africa,Uganda,2020-10-17,10455.0,96.0,522286.0,,47123533.0
175652,175652,Africa,Uganda,2020-10-18,10590.0,97.0,523399.0,,47123533.0
175653,175653,Africa,Uganda,2020-10-19,10691.0,97.0,524966.0,,47123533.0
175654,175654,Africa,Uganda,2020-10-20,10788.0,97.0,527350.0,,47123533.0
175655,175655,Africa,Uganda,2020-10-21,10933.0,98.0,529236.0,,47123533.0
175656,175656,Africa,Uganda,2020-10-22,11041.0,98.0,532332.0,,47123533.0
175657,175657,Africa,Uganda,2020-10-23,11163.0,99.0,534072.0,,47123533.0
175658,175658,Africa,Uganda,2020-10-24,11297.0,99.0,536177.0,,47123533.0
175659,175659,Africa,Uganda,2020-10-25,11443.0,101.0,539146.0,,47123533.0
175660,175660,Africa,Uganda,2020-10-26,11557.0,101.0,540202.0,,47123533.0
175661,175661,Africa,Uganda,2020-10-27,11621.0,103.0,541422.0,,47123533.0
175662,175662,Africa,Uganda,2020-10-28,11767.0,106.0,544657.0,,47123533.0
175663,175663,Africa,Uganda,2020-10-29,12201.0,108.0,547279.0,,47123533.0
175664,175664,Africa,Uganda,2020-10-30,12410.0,110.0,549158.0,,47123533.0
175665,175665,Africa,Uganda,2020-10-31,12495.0,111.0,552713.0,,47123533.0
175666,175666,Africa,Uganda,2020-11-01,12743.0,112.0,554711.0,,47123533.0
175667,175667,Africa,Uganda,2020-11-02,12971.0,114.0,556314.0,,47123533.0
175668,175668,Africa,Uganda,2020-11-03,13099.0,115.0,558978.0,,47123533.0
175669,175669,Africa,Uganda,2020-11-04,13351.0,117.0,560859.0,,47123533.0
175670,175670,Africa,Uganda,2020-11-05,13568.0,117.0,563835.0,,47123533.0
175671,175671,Africa,Uganda,2020-11-06,13852.0,131.0,567193.0,,47123533.0
175672,175672,Africa,Uganda,2020-11-07,14066.0,131.0,569624.0,,47123533.0
175673,175673,Africa,Uganda,2020-11-08,14403.0,132.0,572325.0,,47123533.0
175674,175674,Africa,Uganda,2020-11-09,14574.0,133.0,574363.0,,47123533.0
175675,175675,Africa,Uganda,2020-11-10,14704.0,133.0,577630.0,,47123533.0
175676,175676,Africa,Uganda,2020-11-11,14993.0,139.0,579443.0,,47123533.0
175677,175677,Africa,Uganda,2020-11-12,15217.0,143.0,582209.0,,47123533.0
175678,175678,Africa,Uganda,2020-11-13,15402.0,144.0,585456.0,,47123533.0
175679,175679,Africa,Uganda,2020-11-14,15789.0,144.0,588533.0,,47123533.0
175680,175680,Africa,Uganda,2020-11-15,16020.0,145.0,591658.0,,47123533.0
175681,175681,Africa,Uganda,2020-11-16,16257.0,150.0,594574.0,,47123533.0
175682,175682,Africa,Uganda,2020-11-17,16563.0,150.0,597192.0,,47123533.0
175683,175683,Africa,Uganda,2020-11-18,16905.0,157.0,599650.0,,47123533.0
175684,175684,Africa,Uganda,2020-11-19,17148.0,158.0,603652.0,,47123533.0
175685,175685,Africa,Uganda,2020-11-20,17431.0,168.0,607583.0,,47123533.0
175686,175686,Africa,Uganda,2020-11-21,17667.0,168.0,609268.0,,47123533.0
175687,175687,Africa,Uganda,2020-11-22,17968.0,172.0,611564.0,,47123533.0
175688,175688,Africa,Uganda,2020-11-23,18165.0,181.0,613908.0,,47123533.0
175689,175689,Africa,Uganda,2020-11-24,18406.0,186.0,616610.0,,47123533.0
175690,175690,Africa,Uganda,2020-11-25,18890.0,191.0,618783.0,,47123533.0
175691,175691,Africa,Uganda,2020-11-26,19115.0,191.0,620558.0,,47123533.0
175692,175692,Africa,Uganda,2020-11-27,19588.0,197.0,623154.0,,47123533.0
175693,175693,Africa,Uganda,2020-11-28,19944.0,201.0,623977.0,,47123533.0
175694,175694,Africa,Uganda,2020-11-29,20145.0,201.0,625029.0,,47123533.0
175695,175695,Africa,Uganda,2020-11-30,20459.0,205.0,630441.0,,47123533.0
175696,175696,Africa,Uganda,2020-12-01,21035.0,205.0,633932.0,,47123533.0
175697,175697,Africa,Uganda,2020-12-02,21409.0,206.0,635916.0,,47123533.0
175698,175698,Africa,Uganda,2020-12-03,21612.0,206.0,637124.0,,47123533.0
175699,175699,Africa,Uganda,2020-12-04,21898.0,206.0,638787.0,,47123533.0
175700,175700,Africa,Uganda,2020-12-05,22188.0,206.0,641893.0,,47123533.0
175701,175701,Africa,Uganda,2020-12-06,22499.0,206.0,647471.0,,47123533.0
175702,175702,Africa,Uganda,2020-12-07,23200.0,207.0,652535.0,,47123533.0
175703,175703,Africa,Uganda,2020-12-08,23200.0,207.0,660758.0,,47123533.0
175704,175704,Africa,Uganda,2020-12-09,25059.0,219.0,666328.0,,47123533.0
175705,175705,Africa,Uganda,2020-12-10,25730.0,220.0,671376.0,,47123533.0
175706,175706,Africa,Uganda,2020-12-11,26369.0,220.0,676531.0,,47123533.0
175707,175707,Africa,Uganda,2020-12-12,27071.0,220.0,680709.0,,47123533.0
175708,175708,Africa,Uganda,2020-12-13,27532.0,221.0,683236.0,,47123533.0
175709,175709,Africa,Uganda,2020-12-14,27766.0,224.0,686847.0,,47123533.0
175710,175710,Africa,Uganda,2020-12-15,28168.0,225.0,692455.0,,47123533.0
175711,175711,Africa,Uganda,2020-12-16,28733.0,225.0,697496.0,,47123533.0
175712,175712,Africa,Uganda,2020-12-17,29361.0,228.0,702198.0,,47123533.0
175713,175713,Africa,Uganda,2020-12-18,30071.0,230.0,707418.0,,47123533.0
175714,175714,Africa,Uganda,2020-12-19,30702.0,230.0,711468.0,,47123533.0
175715,175715,Africa,Uganda,2020-12-20,31187.0,231.0,713509.0,,47123533.0
175716,175716,Africa,Uganda,2020-12-21,31384.0,238.0,717595.0,,47123533.0
175717,175717,Africa,Uganda,2020-12-22,31910.0,238.0,722591.0,,47123533.0
175718,175718,Africa,Uganda,2020-12-23,32399.0,245.0,727200.0,,47123533.0
175719,175719,Africa,Uganda,2020-12-24,32914.0,245.0,730193.0,,47123533.0
175720,175720,Africa,Uganda,2020-12-25,33360.0,245.0,732329.0,,47123533.0
175721,175721,Africa,Uganda,2020-12-26,33563.0,245.0,734581.0,,47123533.0
175722,175722,Africa,Uganda,2020-12-27,33811.0,248.0,736720.0,,47123533.0
175723,175723,Africa,Uganda,2020-12-28,33973.0,248.0,739532.0,,47123533.0
175724,175724,Africa,Uganda,2020-12-29,34281.0,250.0,743098.0,,47123533.0
175725,175725,Africa,Uganda,2020-12-30,34677.0,251.0,747134.0,,47123533.0
175726,175726,Africa,Uganda,2020-12-31,35216.0,251.0,750583.0,,47123533.0
175727,175727,Africa,Uganda,2021-01-01,35511.0,265.0,753602.0,,47123533.0
175728,175728,Africa,Uganda,2021-01-02,35712.0,274.0,,,47123533.0
175729,175729,Africa,Uganda,2021-01-03,35922.0,274.0,758383.0,,47123533.0
175730,175730,Africa,Uganda,2021-01-04,36050.0,274.0,762862.0,,47123533.0
175731,175731,Africa,Uganda,2021-01-05,36407.0,290.0,766664.0,,47123533.0
175732,175732,Africa,Uganda,2021-01-06,36702.0,294.0,771238.0,,47123533.0
175733,175733,Africa,Uganda,2021-01-07,37074.0,297.0,775941.0,,47123533.0
175734,175734,Africa,Uganda,2021-01-08,37296.0,300.0,780397.0,,47123533.0
175735,175735,Africa,Uganda,2021-01-09,37554.0,301.0,784351.0,,47123533.0
175736,175736,Africa,Uganda,2021-01-10,37742.0,301.0,786510.0,,47123533.0
175737,175737,Africa,Uganda,2021-01-11,37808.0,302.0,789755.0,,47123533.0
175738,175738,Africa,Uganda,2021-01-12,37948.0,303.0,793837.0,,47123533.0
175739,175739,Africa,Uganda,2021-01-13,38085.0,304.0,,,47123533.0
175740,175740,Africa,Uganda,2021-01-14,38085.0,304.0,,,47123533.0
175741,175741,Africa,Uganda,2021-01-15,38085.0,304.0,,,47123533.0
175742,175742,Africa,Uganda,2021-01-16,38085.0,304.0,,,47123533.0
175743,175743,Africa,Uganda,2021-01-17,38085.0,304.0,,,47123533.0
175744,175744,Africa,Uganda,2021-01-18,38085.0,304.0,801935.0,,47123533.0
175745,175745,Africa,Uganda,2021-01-19,38534.0,305.0,804415.0,,47123533.0
175746,175746,Africa,Uganda,2021-01-20,38628.0,305.0,807925.0,,47123533.0
175747,175747,Africa,Uganda,2021-01-21,38806.0,316.0,810849.0,,47123533.0
175748,175748,Africa,Uganda,2021-01-22,38935.0,317.0,813825.0,,47123533.0
175749,175749,Africa,Uganda,2021-01-23,39044.0,317.0,816562.0,,47123533.0
175750,175750,Africa,Uganda,2021-01-24,39149.0,317.0,818180.0,,47123533.0
175751,175751,Africa,Uganda,2021-01-25,39188.0,318.0,820154.0,,47123533.0
175752,175752,Africa,Uganda,2021-01-26,39261.0,318.0,821720.0,,47123533.0
175753,175753,Africa,Uganda,2021-01-27,39314.0,318.0,824471.0,,47123533.0
175754,175754,Africa,Uganda,2021-01-28,39424.0,318.0,826475.0,,47123533.0
175755,175755,Africa,Uganda,2021-01-29,39490.0,324.0,828735.0,,47123533.0
175756,175756,Africa,Uganda,2021-01-30,39533.0,324.0,830970.0,,47123533.0
175757,175757,Africa,Uganda,2021-01-31,39579.0,324.0,831924.0,,47123533.0
175758,175758,Africa,Uganda,2021-02-01,39606.0,325.0,833534.0,,47123533.0
175759,175759,Africa,Uganda,2021-02-02,39651.0,325.0,835243.0,,47123533.0
175760,175760,Africa,Uganda,2021-02-03,39685.0,327.0,837299.0,,47123533.0
175761,175761,Africa,Uganda,2021-02-04,39735.0,327.0,839627.0,,47123533.0
175762,175762,Africa,Uganda,2021-02-05,39789.0,327.0,841560.0,,47123533.0
175763,175763,Africa,Uganda,2021-02-06,39821.0,327.0,843204.0,,47123533.0
175764,175764,Africa,Uganda,2021-02-07,39848.0,327.0,844042.0,,47123533.0
175765,175765,Africa,Uganda,2021-02-08,39860.0,327.0,845566.0,,47123533.0
175766,175766,Africa,Uganda,2021-02-09,39883.0,327.0,847856.0,,47123533.0
175767,175767,Africa,Uganda,2021-02-10,39911.0,328.0,850130.0,,47123533.0
175768,175768,Africa,Uganda,2021-02-11,39942.0,328.0,852444.0,,47123533.0
175769,175769,Africa,Uganda,2021-02-12,39979.0,328.0,854532.0,,47123533.0
175770,175770,Africa,Uganda,2021-02-13,40019.0,328.0,856762.0,,47123533.0
175771,175771,Africa,Uganda,2021-02-14,40019.0,328.0,857550.0,,47123533.0
175772,175772,Africa,Uganda,2021-02-15,40055.0,328.0,859578.0,,47123533.0
175773,175773,Africa,Uganda,2021-02-16,40063.0,331.0,860643.0,,47123533.0
175774,175774,Africa,Uganda,2021-02-17,40102.0,331.0,863389.0,,47123533.0
175775,175775,Africa,Uganda,2021-02-18,40154.0,331.0,865510.0,,47123533.0
175776,175776,Africa,Uganda,2021-02-19,40168.0,331.0,867506.0,,47123533.0
175777,175777,Africa,Uganda,2021-02-20,40199.0,333.0,868823.0,,47123533.0
175778,175778,Africa,Uganda,2021-02-21,40213.0,333.0,869807.0,,47123533.0
175779,175779,Africa,Uganda,2021-02-22,40221.0,333.0,871686.0,,47123533.0
175780,175780,Africa,Uganda,2021-02-23,40243.0,333.0,873352.0,,47123533.0
175781,175781,Africa,Uganda,2021-02-24,40261.0,334.0,875450.0,,47123533.0
175782,175782,Africa,Uganda,2021-02-25,40300.0,334.0,877202.0,,47123533.0
175783,175783,Africa,Uganda,2021-02-26,40322.0,334.0,879037.0,,47123533.0
175784,175784,Africa,Uganda,2021-02-27,40335.0,334.0,880395.0,,47123533.0
175785,175785,Africa,Uganda,2021-02-28,40357.0,334.0,881407.0,,47123533.0
175786,175786,Africa,Uganda,2021-03-01,40367.0,334.0,883390.0,,47123533.0
175787,175787,Africa,Uganda,2021-03-02,40395.0,334.0,885330.0,,47123533.0
175788,175788,Africa,Uganda,2021-03-03,40408.0,334.0,887701.0,,47123533.0
175789,175789,Africa,Uganda,2021-03-04,40426.0,334.0,889845.0,,47123533.0
175790,175790,Africa,Uganda,2021-03-05,40452.0,334.0,891637.0,,47123533.0
175791,175791,Africa,Uganda,2021-03-06,40452.0,334.0,892878.0,,47123533.0
175792,175792,Africa,Uganda,2021-03-07,40464.0,334.0,893607.0,,47123533.0
175793,175793,Africa,Uganda,2021-03-08,40479.0,334.0,894547.0,,47123533.0
175794,175794,Africa,Uganda,2021-03-09,40490.0,334.0,896145.0,0.0,47123533.0
175795,175795,Africa,Uganda,2021-03-10,40520.0,334.0,897975.0,,47123533.0
175796,175796,Africa,Uganda,2021-03-11,40535.0,334.0,900214.0,,47123533.0
175797,175797,Africa,Uganda,2021-03-12,40544.0,334.0,901884.0,1015.0,47123533.0
175798,175798,Africa,Uganda,2021-03-13,40544.0,334.0,902929.0,1215.0,47123533.0
175799,175799,Africa,Uganda,2021-03-14,40581.0,334.0,903648.0,,47123533.0
175800,175800,Africa,Uganda,2021-03-15,40591.0,334.0,904943.0,2841.0,47123533.0
175801,175801,Africa,Uganda,2021-03-16,40593.0,334.0,907398.0,4684.0,47123533.0
175802,175802,Africa,Uganda,2021-03-17,40607.0,334.0,910045.0,7920.0,47123533.0
175803,175803,Africa,Uganda,2021-03-18,40625.0,334.0,912786.0,13027.0,47123533.0
175804,175804,Africa,Uganda,2021-03-19,40651.0,334.0,915714.0,17543.0,47123533.0
175805,175805,Africa,Uganda,2021-03-20,40651.0,334.0,917690.0,19008.0,47123533.0
175806,175806,Africa,Uganda,2021-03-21,40671.0,334.0,919651.0,23527.0,47123533.0
175807,175807,Africa,Uganda,2021-03-22,40687.0,334.0,922290.0,25860.0,47123533.0
175808,175808,Africa,Uganda,2021-03-23,40719.0,334.0,924770.0,32526.0,47123533.0
175809,175809,Africa,Uganda,2021-03-24,40719.0,334.0,927238.0,46444.0,47123533.0
175810,175810,Africa,Uganda,2021-03-25,40734.0,334.0,930429.0,46664.0,47123533.0
175811,175811,Africa,Uganda,2021-03-26,40751.0,335.0,933199.0,,47123533.0
175812,175812,Africa,Uganda,2021-03-27,40767.0,335.0,935360.0,60139.0,47123533.0
175813,175813,Africa,Uganda,2021-03-28,40794.0,335.0,937521.0,69701.0,47123533.0
175814,175814,Africa,Uganda,2021-03-29,40820.0,335.0,940146.0,80836.0,47123533.0
175815,175815,Africa,Uganda,2021-03-30,40839.0,335.0,942737.0,90196.0,47123533.0
175816,175816,Africa,Uganda,2021-03-31,40867.0,335.0,945344.0,,47123533.0
175817,175817,Africa,Uganda,2021-04-01,40889.0,335.0,948526.0,,47123533.0
175818,175818,Africa,Uganda,2021-04-02,40924.0,335.0,,,47123533.0
175819,175819,Africa,Uganda,2021-04-03,40962.0,335.0,952434.0,,47123533.0
175820,175820,Africa,Uganda,2021-04-04,40962.0,335.0,953669.0,129634.0,47123533.0
175821,175821,Africa,Uganda,2021-04-05,41016.0,335.0,955609.0,138064.0,47123533.0
175822,175822,Africa,Uganda,2021-04-06,41023.0,335.0,957920.0,144025.0,47123533.0
175823,175823,Africa,Uganda,2021-04-07,41046.0,337.0,960758.0,163491.0,47123533.0
175824,175824,Africa,Uganda,2021-04-08,41062.0,337.0,964009.0,176469.0,47123533.0
175825,175825,Africa,Uganda,2021-04-09,41086.0,337.0,967026.0,,47123533.0
175826,175826,Africa,Uganda,2021-04-10,41113.0,337.0,969637.0,180969.0,47123533.0
175827,175827,Africa,Uganda,2021-04-11,41140.0,337.0,971265.0,189409.0,47123533.0
175828,175828,Africa,Uganda,2021-04-12,41174.0,337.0,974067.0,197299.0,47123533.0
175829,175829,Africa,Uganda,2021-04-13,41204.0,337.0,976929.0,206708.0,47123533.0
175830,175830,Africa,Uganda,2021-04-14,41237.0,338.0,980790.0,220893.0,47123533.0
175831,175831,Africa,Uganda,2021-04-15,41263.0,338.0,983862.0,,47123533.0
175832,175832,Africa,Uganda,2021-04-16,41310.0,338.0,986829.0,227691.0,47123533.0
175833,175833,Africa,Uganda,2021-04-17,41340.0,338.0,989628.0,232514.0,47123533.0
175834,175834,Africa,Uganda,2021-04-18,41378.0,338.0,991038.0,239617.0,47123533.0
175835,175835,Africa,Uganda,2021-04-19,41396.0,339.0,996140.0,245939.0,47123533.0
175836,175836,Africa,Uganda,2021-04-20,41422.0,341.0,998791.0,253562.0,47123533.0
175837,175837,Africa,Uganda,2021-04-21,41475.0,341.0,1001301.0,268317.0,47123533.0
175838,175838,Africa,Uganda,2021-04-22,41529.0,341.0,,,47123533.0
175839,175839,Africa,Uganda,2021-04-23,41575.0,341.0,,,47123533.0
175840,175840,Africa,Uganda,2021-04-24,41575.0,341.0,1008838.0,276306.0,47123533.0
175841,175841,Africa,Uganda,2021-04-25,41655.0,341.0,,,47123533.0
175842,175842,Africa,Uganda,2021-04-26,41715.0,341.0,1010071.0,304030.0,47123533.0
175843,175843,Africa,Uganda,2021-04-27,41737.0,341.0,1012558.0,321350.0,47123533.0
175844,175844,Africa,Uganda,2021-04-28,41766.0,341.0,1015177.0,330077.0,47123533.0
175845,175845,Africa,Uganda,2021-04-29,41797.0,342.0,1017854.0,,47123533.0
175846,175846,Africa,Uganda,2021-04-30,41866.0,342.0,,,47123533.0
175847,175847,Africa,Uganda,2021-05-01,41905.0,342.0,1022436.0,339607.0,47123533.0
175848,175848,Africa,Uganda,2021-05-02,41905.0,342.0,1024133.0,341819.0,47123533.0
175849,175849,Africa,Uganda,2021-05-03,41973.0,342.0,1026666.0,364582.0,47123533.0
175850,175850,Africa,Uganda,2021-05-04,42032.0,342.0,1029255.0,375283.0,47123533.0
175851,175851,Africa,Uganda,2021-05-05,42102.0,343.0,1032526.0,387024.0,47123533.0
175852,175852,Africa,Uganda,2021-05-06,42152.0,345.0,1035822.0,392146.0,47123533.0
175853,175853,Africa,Uganda,2021-05-07,42224.0,346.0,1039271.0,395805.0,47123533.0
175854,175854,Africa,Uganda,2021-05-08,42308.0,346.0,1042169.0,399746.0,47123533.0
175855,175855,Africa,Uganda,2021-05-09,42355.0,346.0,1044170.0,404972.0,47123533.0
175856,175856,Africa,Uganda,2021-05-10,42384.0,346.0,,,47123533.0
175857,175857,Africa,Uganda,2021-05-11,42427.0,346.0,1052657.0,418354.0,47123533.0
175858,175858,Africa,Uganda,2021-05-12,42487.0,346.0,,423092.0,47123533.0
175859,175859,Africa,Uganda,2021-05-13,42578.0,346.0,,,47123533.0
175860,175860,Africa,Uganda,2021-05-14,42674.0,347.0,,430301.0,47123533.0
175861,175861,Africa,Uganda,2021-05-15,42674.0,347.0,,,47123533.0
175862,175862,Africa,Uganda,2021-05-16,42779.0,347.0,1064201.0,453422.0,47123533.0
175863,175863,Africa,Uganda,2021-05-17,42859.0,347.0,1066651.0,466823.0,47123533.0
175864,175864,Africa,Uganda,2021-05-18,42930.0,349.0,,,47123533.0
175865,175865,Africa,Uganda,2021-05-19,43094.0,350.0,1072007.0,488986.0,47123533.0
175866,175866,Africa,Uganda,2021-05-20,43223.0,350.0,,,47123533.0
175867,175867,Africa,Uganda,2021-05-21,43370.0,350.0,,506787.0,47123533.0
175868,175868,Africa,Uganda,2021-05-22,43507.0,350.0,,513338.0,47123533.0
175869,175869,Africa,Uganda,2021-05-23,43734.0,356.0,1084760.0,530653.0,47123533.0
175870,175870,Africa,Uganda,2021-05-24,43919.0,357.0,1087405.0,541569.0,47123533.0
175871,175871,Africa,Uganda,2021-05-25,44074.0,358.0,,,47123533.0
175872,175872,Africa,Uganda,2021-05-26,44281.0,359.0,1095468.0,565163.0,47123533.0
175873,175873,Africa,Uganda,2021-05-27,44594.0,361.0,1100350.0,577036.0,47123533.0
175874,175874,Africa,Uganda,2021-05-28,45231.0,361.0,,,47123533.0
175875,175875,Africa,Uganda,2021-05-29,45931.0,362.0,1109851.0,595924.0,47123533.0
175876,175876,Africa,Uganda,2021-05-30,46623.0,362.0,1113368.0,647357.0,47123533.0
175877,175877,Africa,Uganda,2021-05-31,47147.0,362.0,1119023.0,672395.0,47123533.0
175878,175878,Africa,Uganda,2021-06-01,47761.0,362.0,1125306.0,677084.0,47123533.0
175879,175879,Africa,Uganda,2021-06-02,48676.0,364.0,1132193.0,706626.0,47123533.0
175880,175880,Africa,Uganda,2021-06-03,49759.0,365.0,,,47123533.0
175881,175881,Africa,Uganda,2021-06-04,51006.0,374.0,1144125.0,,47123533.0
175882,175882,Africa,Uganda,2021-06-05,51676.0,374.0,1151421.0,748676.0,47123533.0
175883,175883,Africa,Uganda,2021-06-06,52935.0,383.0,1155114.0,,47123533.0
175884,175884,Africa,Uganda,2021-06-07,53961.0,383.0,1160001.0,,47123533.0
175885,175885,Africa,Uganda,2021-06-08,54669.0,388.0,1168479.0,757664.0,47123533.0
175886,175886,Africa,Uganda,2021-06-09,55511.0,392.0,1178182.0,,47123533.0
175887,175887,Africa,Uganda,2021-06-10,56949.0,402.0,1187676.0,777805.0,47123533.0
175888,175888,Africa,Uganda,2021-06-11,58515.0,408.0,1196926.0,,47123533.0
175889,175889,Africa,Uganda,2021-06-12,60250.0,423.0,1203499.0,786160.0,47123533.0
175890,175890,Africa,Uganda,2021-06-13,61977.0,428.0,1210114.0,803797.0,47123533.0
175891,175891,Africa,Uganda,2021-06-14,63099.0,434.0,1217352.0,806129.0,47123533.0
175892,175892,Africa,Uganda,2021-06-15,64521.0,459.0,1228618.0,812118.0,47123533.0
175893,175893,Africa,Uganda,2021-06-16,65631.0,508.0,1239128.0,821659.0,47123533.0
175894,175894,Africa,Uganda,2021-06-17,67215.0,542.0,1248469.0,,47123533.0
175895,175895,Africa,Uganda,2021-06-18,68779.0,584.0,1257535.0,,47123533.0
175896,175896,Africa,Uganda,2021-06-19,70176.0,626.0,1266601.0,831146.0,47123533.0
175897,175897,Africa,Uganda,2021-06-20,71543.0,660.0,1270745.0,834271.0,47123533.0
175898,175898,Africa,Uganda,2021-06-21,72679.0,680.0,1277941.0,,47123533.0
175899,175899,Africa,Uganda,2021-06-22,73401.0,714.0,1287020.0,841629.0,47123533.0
175900,175900,Africa,Uganda,2021-06-23,74260.0,752.0,1295376.0,843039.0,47123533.0
175901,175901,Africa,Uganda,2021-06-24,75537.0,781.0,1303509.0,,47123533.0
175902,175902,Africa,Uganda,2021-06-25,76562.0,830.0,1311683.0,,47123533.0
175903,175903,Africa,Uganda,2021-06-26,77505.0,868.0,1316741.0,854232.0,47123533.0
175904,175904,Africa,Uganda,2021-06-27,78394.0,903.0,1319958.0,854443.0,47123533.0
175905,175905,Africa,Uganda,2021-06-28,79089.0,956.0,1326017.0,856025.0,47123533.0
175906,175906,Africa,Uganda,2021-06-29,79434.0,989.0,1333486.0,861645.0,47123533.0
175907,175907,Africa,Uganda,2021-06-30,79977.0,1023.0,1341182.0,,47123533.0
175908,175908,Africa,Uganda,2021-07-01,81034.0,1061.0,1348266.0,990902.0,47123533.0
175909,175909,Africa,Uganda,2021-07-02,82082.0,1111.0,1355146.0,,47123533.0
175910,175910,Africa,Uganda,2021-07-03,82852.0,1111.0,1359790.0,1027036.0,47123533.0
175911,175911,Africa,Uganda,2021-07-04,83636.0,1111.0,1363101.0,1058094.0,47123533.0
175912,175912,Africa,Uganda,2021-07-05,84116.0,1966.0,1367622.0,,47123533.0
175913,175913,Africa,Uganda,2021-07-06,84554.0,1995.0,1373065.0,,47123533.0
175914,175914,Africa,Uganda,2021-07-07,84979.0,2012.0,1379070.0,,47123533.0
175915,175915,Africa,Uganda,2021-07-08,85581.0,2033.0,1384388.0,,47123533.0
175916,175916,Africa,Uganda,2021-07-09,86140.0,2062.0,1390017.0,,47123533.0
175917,175917,Africa,Uganda,2021-07-10,86755.0,2090.0,1394963.0,1076923.0,47123533.0
175918,175918,Africa,Uganda,2021-07-11,87277.0,2104.0,1398851.0,,47123533.0
175919,175919,Africa,Uganda,2021-07-12,87756.0,2129.0,1403076.0,1079943.0,47123533.0
175920,175920,Africa,Uganda,2021-07-13,88194.0,2164.0,1408002.0,1085382.0,47123533.0
175921,175921,Africa,Uganda,2021-07-14,88674.0,2203.0,1413482.0,,47123533.0
175922,175922,Africa,Uganda,2021-07-15,89080.0,2249.0,1418721.0,,47123533.0
175923,175923,Africa,Uganda,2021-07-16,89514.0,2286.0,1424270.0,,47123533.0
175924,175924,Africa,Uganda,2021-07-17,89974.0,2324.0,1427897.0,,47123533.0
175925,175925,Africa,Uganda,2021-07-18,90391.0,2353.0,1431068.0,1087152.0,47123533.0
175926,175926,Africa,Uganda,2021-07-19,90656.0,2392.0,1434303.0,1101431.0,47123533.0
175927,175927,Africa,Uganda,2021-07-20,90910.0,2412.0,1436820.0,,47123533.0
175928,175928,Africa,Uganda,2021-07-21,91162.0,2425.0,1440445.0,1106762.0,47123533.0
175929,175929,Africa,Uganda,2021-07-22,91355.0,2483.0,1445413.0,1110867.0,47123533.0
175930,175930,Africa,Uganda,2021-07-23,91710.0,2496.0,1449128.0,,47123533.0
175931,175931,Africa,Uganda,2021-07-24,92115.0,2526.0,1452687.0,,47123533.0
175932,175932,Africa,Uganda,2021-07-25,92490.0,2557.0,1454301.0,,47123533.0
175933,175933,Africa,Uganda,2021-07-26,92724.0,2579.0,1458646.0,,47123533.0
175934,175934,Africa,Uganda,2021-07-27,92795.0,2590.0,1461319.0,,47123533.0
175935,175935,Africa,Uganda,2021-07-28,93122.0,2605.0,1465216.0,1135036.0,47123533.0
175936,175936,Africa,Uganda,2021-07-29,93282.0,2632.0,1469682.0,,47123533.0
175937,175937,Africa,Uganda,2021-07-30,93675.0,2661.0,1473950.0,1143763.0,47123533.0
175938,175938,Africa,Uganda,2021-07-31,93927.0,2690.0,1477497.0,,47123533.0
175939,175939,Africa,Uganda,2021-08-01,94195.0,2696.0,1479471.0,,47123533.0
175940,175940,Africa,Uganda,2021-08-02,94425.0,2710.0,1483302.0,,47123533.0
175941,175941,Africa,Uganda,2021-08-03,94537.0,2725.0,1486951.0,1150676.0,47123533.0
175942,175942,Africa,Uganda,2021-08-04,94739.0,2734.0,1491286.0,,47123533.0
175943,175943,Africa,Uganda,2021-08-05,94904.0,2752.0,,1152874.0,47123533.0
175944,175944,Africa,Uganda,2021-08-06,95226.0,2771.0,1499619.0,,47123533.0
175945,175945,Africa,Uganda,2021-08-07,95474.0,2785.0,1503132.0,,47123533.0
175946,175946,Africa,Uganda,2021-08-08,95723.0,2793.0,1505054.0,,47123533.0
175947,175947,Africa,Uganda,2021-08-09,95875.0,2808.0,1507848.0,,47123533.0
175948,175948,Africa,Uganda,2021-08-10,95955.0,2812.0,1511089.0,,47123533.0
175949,175949,Africa,Uganda,2021-08-11,96067.0,2821.0,,,47123533.0
175950,175950,Africa,Uganda,2021-08-12,96224.0,2832.0,1515178.0,,47123533.0
175951,175951,Africa,Uganda,2021-08-13,96497.0,2856.0,1524527.0,,47123533.0
175952,175952,Africa,Uganda,2021-08-14,96678.0,2863.0,1527899.0,,47123533.0
175953,175953,Africa,Uganda,2021-08-15,96987.0,2882.0,1530107.0,,47123533.0
175954,175954,Africa,Uganda,2021-08-16,97124.0,2893.0,1533326.0,,47123533.0
175955,175955,Africa,Uganda,2021-08-17,97186.0,2905.0,1536425.0,,47123533.0
175956,175956,Africa,Uganda,2021-08-18,97294.0,2917.0,,,47123533.0
175957,175957,Africa,Uganda,2021-08-19,97453.0,2931.0,1546900.0,,47123533.0
175958,175958,Africa,Uganda,2021-08-20,97453.0,2931.0,1550386.0,1163451.0,47123533.0
175959,175959,Africa,Uganda,2021-08-21,97453.0,2931.0,1553673.0,1297726.0,47123533.0
175960,175960,Africa,Uganda,2021-08-22,97453.0,2931.0,1555664.0,,47123533.0
175961,175961,Africa,Uganda,2021-08-23,118777.0,2960.0,1558706.0,,47123533.0
175962,175962,Africa,Uganda,2021-08-24,118900.0,2962.0,1561437.0,,47123533.0
175963,175963,Africa,Uganda,2021-08-25,119037.0,2968.0,1565071.0,,47123533.0
175964,175964,Africa,Uganda,2021-08-26,119141.0,2973.0,1569347.0,,47123533.0
175965,175965,Africa,Uganda,2021-08-27,119327.0,2981.0,1573499.0,,47123533.0
175966,175966,Africa,Uganda,2021-08-28,119544.0,2985.0,1576439.0,,47123533.0
175967,175967,Africa,Uganda,2021-08-29,119732.0,2991.0,1579638.0,,47123533.0
175968,175968,Africa,Uganda,2021-08-30,119825.0,3006.0,1583298.0,,47123533.0
175969,175969,Africa,Uganda,2021-08-31,119915.0,3012.0,1586275.0,,47123533.0
175970,175970,Africa,Uganda,2021-09-01,120075.0,3023.0,,1436264.0,47123533.0
175971,175971,Africa,Uganda,2021-09-02,120208.0,3031.0,1593197.0,,47123533.0
175972,175972,Africa,Uganda,2021-09-03,120377.0,3038.0,1596628.0,,47123533.0
175973,175973,Africa,Uganda,2021-09-04,120466.0,3041.0,1600315.0,,47123533.0
175974,175974,Africa,Uganda,2021-09-05,120581.0,3045.0,1603010.0,,47123533.0
175975,175975,Africa,Uganda,2021-09-06,120662.0,3053.0,1606210.0,,47123533.0
175976,175976,Africa,Uganda,2021-09-07,120714.0,3061.0,1610131.0,,47123533.0
175977,175977,Africa,Uganda,2021-09-08,120847.0,3068.0,1613803.0,,47123533.0
175978,175978,Africa,Uganda,2021-09-09,120990.0,3074.0,1617657.0,,47123533.0
175979,175979,Africa,Uganda,2021-09-10,121166.0,3085.0,1622495.0,,47123533.0
175980,175980,Africa,Uganda,2021-09-11,121296.0,3092.0,1626546.0,,47123533.0
175981,175981,Africa,Uganda,2021-09-12,121510.0,3095.0,1629020.0,,47123533.0
175982,175982,Africa,Uganda,2021-09-13,121587.0,3099.0,1632256.0,,47123533.0
175983,175983,Africa,Uganda,2021-09-14,121617.0,3103.0,1635630.0,,47123533.0
175984,175984,Africa,Uganda,2021-09-15,121687.0,3106.0,1639822.0,,47123533.0
175985,175985,Africa,Uganda,2021-09-16,121784.0,3115.0,1643750.0,,47123533.0
175986,175986,Africa,Uganda,2021-09-17,121984.0,3119.0,1647322.0,,47123533.0
175987,175987,Africa,Uganda,2021-09-18,122083.0,3123.0,1650421.0,,47123533.0
175988,175988,Africa,Uganda,2021-09-19,122212.0,3128.0,1653033.0,,47123533.0
175989,175989,Africa,Uganda,2021-09-20,122277.0,3129.0,1656110.0,,47123533.0
175990,175990,Africa,Uganda,2021-09-21,122405.0,3130.0,1659900.0,,47123533.0
175991,175991,Africa,Uganda,2021-09-22,122502.0,3135.0,1663729.0,2058553.0,47123533.0
175992,175992,Africa,Uganda,2021-09-23,122591.0,3137.0,1667531.0,,47123533.0
175993,175993,Africa,Uganda,2021-09-24,122903.0,3140.0,1671304.0,,47123533.0
175994,175994,Africa,Uganda,2021-09-25,123066.0,3143.0,1675142.0,,47123533.0
175995,175995,Africa,Uganda,2021-09-26,123181.0,3145.0,1677756.0,,47123533.0
175996,175996,Africa,Uganda,2021-09-27,123245.0,3146.0,1680863.0,,47123533.0
175997,175997,Africa,Uganda,2021-09-28,123340.0,3148.0,1684232.0,,47123533.0
175998,175998,Africa,Uganda,2021-09-29,123445.0,3152.0,1687958.0,,47123533.0
175999,175999,Africa,Uganda,2021-09-30,123572.0,3156.0,1692121.0,,47123533.0
176000,176000,Africa,Uganda,2021-10-01,123742.0,3159.0,1696176.0,,47123533.0
176001,176001,Africa,Uganda,2021-10-02,123857.0,3159.0,1700054.0,,47123533.0
176002,176002,Africa,Uganda,2021-10-03,123976.0,3160.0,1702945.0,,47123533.0
176003,176003,Africa,Uganda,2021-10-04,124039.0,3162.0,1705808.0,,47123533.0
176004,176004,Africa,Uganda,2021-10-05,124098.0,3163.0,1709310.0,,47123533.0
176005,176005,Africa,Uganda,2021-10-06,124190.0,3165.0,1713164.0,,47123533.0
176006,176006,Africa,Uganda,2021-10-07,124254.0,3170.0,1718085.0,2615807.0,47123533.0
176007,176007,Africa,Uganda,2021-10-08,124437.0,3172.0,1723620.0,,47123533.0
176008,176008,Africa,Uganda,2021-10-09,124544.0,3174.0,1728303.0,,47123533.0
176009,176009,Africa,Uganda,2021-10-10,124646.0,3176.0,1731848.0,,47123533.0
176010,176010,Africa,Uganda,2021-10-11,124736.0,3177.0,1735671.0,,47123533.0
176011,176011,Africa,Uganda,2021-10-12,124808.0,3179.0,1739178.0,,47123533.0
176012,176012,Africa,Uganda,2021-10-13,124864.0,3179.0,1742981.0,,47123533.0
176013,176013,Africa,Uganda,2021-10-14,124924.0,3179.0,1746963.0,2793657.0,47123533.0
176014,176014,Africa,Uganda,2021-10-15,125049.0,3180.0,1751384.0,,47123533.0
176015,176015,Africa,Uganda,2021-10-16,125094.0,3182.0,1755591.0,,47123533.0
176016,176016,Africa,Uganda,2021-10-17,125186.0,3185.0,1758302.0,,47123533.0
176017,176017,Africa,Uganda,2021-10-18,125261.0,3185.0,1761622.0,,47123533.0
176018,176018,Africa,Uganda,2021-10-19,125283.0,3187.0,1765008.0,,47123533.0
176019,176019,Africa,Uganda,2021-10-20,125364.0,3188.0,1768664.0,,47123533.0
176020,176020,Africa,Uganda,2021-10-21,125426.0,3192.0,1773181.0,2990507.0,47123533.0
176021,176021,Africa,Uganda,2021-10-22,125537.0,3194.0,1777540.0,,47123533.0
176022,176022,Africa,Uganda,2021-10-23,125645.0,3198.0,1781878.0,,47123533.0
176023,176023,Africa,Uganda,2021-10-24,125710.0,3200.0,1785306.0,,47123533.0
176024,176024,Africa,Uganda,2021-10-25,125758.0,3200.0,1788699.0,,47123533.0
176025,176025,Africa,Uganda,2021-10-26,125788.0,3200.0,1792314.0,,47123533.0
176026,176026,Africa,Uganda,2021-10-27,125861.0,3204.0,1796161.0,,47123533.0
176027,176027,Africa,Uganda,2021-10-28,125920.0,3209.0,1801297.0,3269568.0,47123533.0
176028,176028,Africa,Uganda,2021-10-29,126000.0,3210.0,1806387.0,,47123533.0
176029,176029,Africa,Uganda,2021-10-30,126075.0,3215.0,1811360.0,,47123533.0
176030,176030,Africa,Uganda,2021-10-31,126171.0,3215.0,1816587.0,,47123533.0
176031,176031,Africa,Uganda,2021-11-01,126236.0,3215.0,1820976.0,,47123533.0
176032,176032,Africa,Uganda,2021-11-02,126272.0,3217.0,1825936.0,,47123533.0
176033,176033,Africa,Uganda,2021-11-03,126321.0,3219.0,1830185.0,,47123533.0
176034,176034,Africa,Uganda,2021-11-04,126348.0,3222.0,1836413.0,3604659.0,47123533.0
176035,176035,Africa,Uganda,2021-11-05,126407.0,3224.0,1841503.0,,47123533.0
176036,176036,Africa,Uganda,2021-11-06,126492.0,3226.0,1846902.0,,47123533.0
176037,176037,Africa,Uganda,2021-11-07,126570.0,3227.0,1850164.0,,47123533.0
176038,176038,Africa,Uganda,2021-11-08,126625.0,3228.0,1854910.0,,47123533.0
176039,176039,Africa,Uganda,2021-11-09,126644.0,3230.0,1860467.0,,47123533.0
176040,176040,Africa,Uganda,2021-11-10,126714.0,3231.0,1865329.0,3898698.0,47123533.0
176041,176041,Africa,Uganda,2021-11-11,126763.0,3234.0,1871997.0,,47123533.0
176042,176042,Africa,Uganda,2021-11-12,126833.0,3236.0,1877667.0,,47123533.0
176043,176043,Africa,Uganda,2021-11-13,126889.0,3237.0,1882780.0,,47123533.0
176044,176044,Africa,Uganda,2021-11-14,126923.0,3238.0,1888207.0,,47123533.0
176045,176045,Africa,Uganda,2021-11-15,126965.0,3239.0,1892694.0,4751422.0,47123533.0
176046,176046,Africa,Uganda,2021-11-16,127002.0,3241.0,1897125.0,,47123533.0
176047,176047,Africa,Uganda,2021-11-17,127046.0,3244.0,1901770.0,,47123533.0
176048,176048,Africa,Uganda,2021-11-18,127073.0,3247.0,1907599.0,,47123533.0
176049,176049,Africa,Uganda,2021-11-19,127128.0,3256.0,1913238.0,,47123533.0
176050,176050,Africa,Uganda,2021-11-20,127128.0,3256.0,1918690.0,,47123533.0
176051,176051,Africa,Uganda,2021-11-21,127177.0,3256.0,1922628.0,,47123533.0
176052,176052,Africa,Uganda,2021-11-22,127237.0,3256.0,1927610.0,,47123533.0
176053,176053,Africa,Uganda,2021-11-23,127268.0,3250.0,1932220.0,,47123533.0
176054,176054,Africa,Uganda,2021-11-24,127305.0,3250.0,1937697.0,,47123533.0
176055,176055,Africa,Uganda,2021-11-25,127337.0,3250.0,1943368.0,,47123533.0
176056,176056,Africa,Uganda,2021-11-26,127413.0,3251.0,1948131.0,,47123533.0
176057,176057,Africa,Uganda,2021-11-27,127423.0,3252.0,1953083.0,,47123533.0
176058,176058,Africa,Uganda,2021-11-28,127451.0,3252.0,1958401.0,,47123533.0
176059,176059,Africa,Uganda,2021-11-29,127523.0,3252.0,1963048.0,,47123533.0
176060,176060,Africa,Uganda,2021-11-30,127550.0,3252.0,1968583.0,,47123533.0
176061,176061,Africa,Uganda,2021-12-01,127589.0,3252.0,1972975.0,,47123533.0
176062,176062,Africa,Uganda,2021-12-02,127618.0,3252.0,1978839.0,,47123533.0
176063,176063,Africa,Uganda,2021-12-03,127651.0,3253.0,1984169.0,,47123533.0
176064,176064,Africa,Uganda,2021-12-04,127651.0,3254.0,1989470.0,,47123533.0
176065,176065,Africa,Uganda,2021-12-05,127655.0,3254.0,1994268.0,,47123533.0
176066,176066,Africa,Uganda,2021-12-06,127756.0,3256.0,1998517.0,,47123533.0
176067,176067,Africa,Uganda,2021-12-07,127775.0,3258.0,2003614.0,,47123533.0
176068,176068,Africa,Uganda,2021-12-08,127822.0,3261.0,2003652.0,,47123533.0
176069,176069,Africa,Uganda,2021-12-09,127863.0,3263.0,2013674.0,7813170.0,47123533.0
176070,176070,Africa,Uganda,2021-12-10,127944.0,3265.0,2019433.0,,47123533.0
176071,176071,Africa,Uganda,2021-12-11,127944.0,3267.0,2026011.0,,47123533.0
176072,176072,Africa,Uganda,2021-12-12,127973.0,3268.0,2030496.0,,47123533.0
176073,176073,Africa,Uganda,2021-12-13,128100.0,3269.0,2034616.0,,47123533.0
176074,176074,Africa,Uganda,2021-12-14,128187.0,3269.0,2041466.0,,47123533.0
176075,176075,Africa,Uganda,2021-12-15,128279.0,3269.0,2046278.0,,47123533.0
176076,176076,Africa,Uganda,2021-12-16,128369.0,3271.0,2053117.0,,47123533.0
176077,176077,Africa,Uganda,2021-12-17,128578.0,3272.0,2059797.0,,47123533.0
176078,176078,Africa,Uganda,2021-12-18,128764.0,3272.0,2066294.0,,47123533.0
176079,176079,Africa,Uganda,2021-12-19,129061.0,3273.0,,,47123533.0
176080,176080,Africa,Uganda,2021-12-20,129319.0,3274.0,2078188.0,9763030.0,47123533.0
176081,176081,Africa,Uganda,2021-12-21,129676.0,3274.0,2085180.0,,47123533.0
176082,176082,Africa,Uganda,2021-12-22,130178.0,3274.0,2092620.0,,47123533.0
176083,176083,Africa,Uganda,2021-12-23,130888.0,3274.0,2101546.0,,47123533.0
176084,176084,Africa,Uganda,2021-12-24,131981.0,3274.0,2109457.0,,47123533.0
176085,176085,Africa,Uganda,2021-12-25,133232.0,3274.0,2115474.0,,47123533.0
176086,176086,Africa,Uganda,2021-12-26,134348.0,3275.0,2120823.0,,47123533.0
176087,176087,Africa,Uganda,2021-12-27,135091.0,3280.0,2127766.0,,47123533.0
176088,176088,Africa,Uganda,2021-12-28,136065.0,3285.0,2136079.0,,47123533.0
176089,176089,Africa,Uganda,2021-12-29,137337.0,3287.0,2143822.0,,47123533.0
176090,176090,Africa,Uganda,2021-12-30,139079.0,3291.0,2151870.0,,47123533.0
176091,176091,Africa,Uganda,2021-12-31,140737.0,3294.0,2160185.0,,47123533.0
176092,176092,Africa,Uganda,2022-01-01,142604.0,3297.0,2166777.0,,47123533.0
176093,176093,Africa,Uganda,2022-01-02,144540.0,3302.0,2171946.0,,47123533.0
176094,176094,Africa,Uganda,2022-01-03,145963.0,3306.0,2180640.0,,47123533.0
176095,176095,Africa,Uganda,2022-01-04,146843.0,3312.0,2189299.0,,47123533.0
176096,176096,Africa,Uganda,2022-01-05,148609.0,3313.0,,,47123533.0
176097,176097,Africa,Uganda,2022-01-06,150368.0,3325.0,2205686.0,12085428.0,47123533.0
176098,176098,Africa,Uganda,2022-01-07,150368.0,3325.0,2214470.0,,47123533.0
176099,176099,Africa,Uganda,2022-01-08,152778.0,3337.0,2222413.0,,47123533.0
176100,176100,Africa,Uganda,2022-01-09,153762.0,3339.0,2230135.0,,47123533.0
176101,176101,Africa,Uganda,2022-01-10,154578.0,3357.0,2237144.0,12220106.0,47123533.0
176102,176102,Africa,Uganda,2022-01-11,155443.0,3361.0,2244422.0,,47123533.0
176103,176103,Africa,Uganda,2022-01-12,156113.0,3370.0,2250798.0,,47123533.0
176104,176104,Africa,Uganda,2022-01-13,156704.0,3378.0,2258524.0,,47123533.0
176105,176105,Africa,Uganda,2022-01-14,157227.0,3385.0,2265977.0,,47123533.0
176106,176106,Africa,Uganda,2022-01-15,157754.0,3394.0,2273381.0,,47123533.0
176107,176107,Africa,Uganda,2022-01-16,158238.0,3411.0,2279236.0,,47123533.0
176108,176108,Africa,Uganda,2022-01-17,158743.0,3424.0,2284774.0,,47123533.0
176109,176109,Africa,Uganda,2022-01-18,158933.0,3437.0,2289947.0,,47123533.0
176110,176110,Africa,Uganda,2022-01-19,159270.0,3449.0,,,47123533.0
176111,176111,Africa,Uganda,2022-01-20,159521.0,3459.0,2301253.0,,47123533.0
176112,176112,Africa,Uganda,2022-01-21,159807.0,3463.0,2307432.0,,47123533.0
176113,176113,Africa,Uganda,2022-01-22,160146.0,3465.0,2313681.0,,47123533.0
176114,176114,Africa,Uganda,2022-01-23,160352.0,3474.0,2318408.0,12599741.0,47123533.0
176115,176115,Africa,Uganda,2022-01-24,160572.0,3483.0,2324355.0,,47123533.0
176116,176116,Africa,Uganda,2022-01-25,160778.0,3497.0,2330157.0,,47123533.0
176117,176117,Africa,Uganda,2022-01-26,160974.0,3507.0,2334756.0,,47123533.0
176118,176118,Africa,Uganda,2022-01-27,161259.0,3515.0,2340410.0,,47123533.0
176119,176119,Africa,Uganda,2022-01-28,161421.0,3522.0,2346079.0,,47123533.0
176120,176120,Africa,Uganda,2022-01-29,161503.0,3523.0,2350819.0,,47123533.0
176121,176121,Africa,Uganda,2022-01-30,161693.0,3527.0,,,47123533.0
176122,176122,Africa,Uganda,2022-01-31,161839.0,3533.0,,12911692.0,47123533.0
176123,176123,Africa,Uganda,2022-02-01,161929.0,3538.0,,,47123533.0
176124,176124,Africa,Uganda,2022-02-02,162007.0,3545.0,,,47123533.0
176125,176125,Africa,Uganda,2022-02-03,162049.0,3545.0,2364426.0,,47123533.0
176126,176126,Africa,Uganda,2022-02-04,162136.0,3549.0,,,47123533.0
176127,176127,Africa,Uganda,2022-02-05,162203.0,3552.0,2368066.0,,47123533.0
176128,176128,Africa,Uganda,2022-02-06,162273.0,3557.0,,,47123533.0
176129,176129,Africa,Uganda,2022-02-07,162375.0,3566.0,,14973293.0,47123533.0
176130,176130,Africa,Uganda,2022-02-08,162442.0,3568.0,2385367.0,,47123533.0
176131,176131,Africa,Uganda,2022-02-09,162510.0,3570.0,,,47123533.0
176132,176132,Africa,Uganda,2022-02-10,162559.0,3572.0,2389360.0,,47123533.0
176133,176133,Africa,Uganda,2022-02-11,162639.0,3575.0,,,47123533.0
176134,176134,Africa,Uganda,2022-02-12,162639.0,3575.0,,,47123533.0
176135,176135,Africa,Uganda,2022-02-13,162696.0,3575.0,2406387.0,,47123533.0
176136,176136,Africa,Uganda,2022-02-14,162822.0,3579.0,,,47123533.0
176137,176137,Africa,Uganda,2022-02-15,162869.0,3580.0,2414784.0,,47123533.0
176138,176138,Africa,Uganda,2022-02-16,162932.0,3582.0,,,47123533.0
176139,176139,Africa,Uganda,2022-02-17,162932.0,3582.0,,,47123533.0
176140,176140,Africa,Uganda,2022-02-18,162973.0,3582.0,2426761.0,,47123533.0
176141,176141,Africa,Uganda,2022-02-19,163004.0,3582.0,,,47123533.0
176142,176142,Africa,Uganda,2022-02-20,163032.0,3582.0,,,47123533.0
176143,176143,Africa,Uganda,2022-02-21,163116.0,3585.0,2437127.0,16254268.0,47123533.0
176144,176144,Africa,Uganda,2022-02-22,163138.0,3585.0,,,47123533.0
176145,176145,Africa,Uganda,2022-02-23,163152.0,3585.0,2443245.0,,47123533.0
176146,176146,Africa,Uganda,2022-02-24,163179.0,3585.0,2446107.0,,47123533.0
176147,176147,Africa,Uganda,2022-02-25,163231.0,3585.0,,,47123533.0
176148,176148,Africa,Uganda,2022-02-26,163231.0,3585.0,2452572.0,,47123533.0
176149,176149,Africa,Uganda,2022-02-27,163250.0,3588.0,2457240.0,,47123533.0
176150,176150,Africa,Uganda,2022-02-28,163307.0,3588.0,,16672943.0,47123533.0
176151,176151,Africa,Uganda,2022-03-01,163342.0,3588.0,,,47123533.0
176152,176152,Africa,Uganda,2022-03-02,163342.0,3588.0,2465948.0,,47123533.0
176153,176153,Africa,Uganda,2022-03-03,163383.0,3588.0,,,47123533.0
176154,176154,Africa,Uganda,2022-03-04,163383.0,3590.0,2468798.0,,47123533.0
176155,176155,Africa,Uganda,2022-03-05,163383.0,3590.0,,,47123533.0
176156,176156,Africa,Uganda,2022-03-06,163383.0,3590.0,2472516.0,,47123533.0
176157,176157,Africa,Uganda,2022-03-07,163402.0,3592.0,2482619.0,,47123533.0
176158,176158,Africa,Uganda,2022-03-08,163416.0,3592.0,,,47123533.0
176159,176159,Africa,Uganda,2022-03-09,163454.0,3593.0,,17060289.0,47123533.0
176160,176160,Africa,Uganda,2022-03-10,163513.0,3593.0,2491586.0,,47123533.0
176161,176161,Africa,Uganda,2022-03-11,163529.0,3594.0,,,47123533.0
176162,176162,Africa,Uganda,2022-03-12,163529.0,3594.0,,,47123533.0
176163,176163,Africa,Uganda,2022-03-13,163529.0,3594.0,,,47123533.0
176164,176164,Africa,Uganda,2022-03-14,163541.0,3594.0,,17197954.0,47123533.0
176165,176165,Africa,Uganda,2022-03-15,163597.0,3594.0,,,47123533.0
176166,176166,Africa,Uganda,2022-03-16,163609.0,3594.0,,,47123533.0
176167,176167,Africa,Uganda,2022-03-17,163627.0,3595.0,,,47123533.0
176168,176168,Africa,Uganda,2022-03-18,163634.0,3595.0,,,47123533.0
176169,176169,Africa,Uganda,2022-03-19,163635.0,3595.0,,,47123533.0
176170,176170,Africa,Uganda,2022-03-20,163688.0,3595.0,2513469.0,,47123533.0
176171,176171,Africa,Uganda,2022-03-21,163768.0,3595.0,,,47123533.0
176172,176172,Africa,Uganda,2022-03-22,163768.0,3595.0,,,47123533.0
176173,176173,Africa,Uganda,2022-03-23,163775.0,3595.0,,,47123533.0
176174,176174,Africa,Uganda,2022-03-24,163817.0,3595.0,2529930.0,,47123533.0
176175,176175,Africa,Uganda,2022-03-25,163830.0,3595.0,,,47123533.0
176176,176176,Africa,Uganda,2022-03-26,163843.0,3595.0,,,47123533.0
176177,176177,Africa,Uganda,2022-03-27,163862.0,3595.0,,,47123533.0
176178,176178,Africa,Uganda,2022-03-28,163869.0,3596.0,2542633.0,,47123533.0
176179,176179,Africa,Uganda,2022-03-29,163878.0,3596.0,,17605945.0,47123533.0
176180,176180,Africa,Uganda,2022-03-30,163892.0,3596.0,,,47123533.0
176181,176181,Africa,Uganda,2022-03-31,163905.0,3596.0,,,47123533.0
176182,176182,Africa,Uganda,2022-04-01,163919.0,3596.0,2555603.0,,47123533.0
176183,176183,Africa,Uganda,2022-04-02,163932.0,3596.0,,,47123533.0
176184,176184,Africa,Uganda,2022-04-03,163936.0,3596.0,,,47123533.0
176185,176185,Africa,Uganda,2022-04-04,163949.0,3596.0,,,47123533.0
176186,176186,Africa,Uganda,2022-04-05,163951.0,3596.0,,,47123533.0
176187,176187,Africa,Uganda,2022-04-06,163954.0,3596.0,,,47123533.0
176188,176188,Africa,Uganda,2022-04-07,163954.0,3596.0,2573530.0,,47123533.0
176189,176189,Africa,Uganda,2022-04-08,163972.0,3596.0,,,47123533.0
176190,176190,Africa,Uganda,2022-04-09,163985.0,3596.0,,,47123533.0
176191,176191,Africa,Uganda,2022-04-10,163993.0,3596.0,2577730.0,19399787.0,47123533.0
176192,176192,Africa,Uganda,2022-04-11,163996.0,3596.0,,,47123533.0
176193,176193,Africa,Uganda,2022-04-12,164012.0,3596.0,,,47123533.0
176194,176194,Africa,Uganda,2022-04-13,164024.0,3596.0,,,47123533.0
176195,176195,Africa,Uganda,2022-04-14,164035.0,3597.0,,,47123533.0
176196,176196,Africa,Uganda,2022-04-15,164042.0,3597.0,,,47123533.0
176197,176197,Africa,Uganda,2022-04-16,164051.0,3597.0,,,47123533.0
176198,176198,Africa,Uganda,2022-04-17,164051.0,3597.0,,,47123533.0
176199,176199,Africa,Uganda,2022-04-18,164055.0,3597.0,2598861.0,,47123533.0
176200,176200,Africa,Uganda,2022-04-19,164058.0,3597.0,,,47123533.0
176201,176201,Africa,Uganda,2022-04-20,164069.0,3597.0,,,47123533.0
176202,176202,Africa,Uganda,2022-04-21,164069.0,3597.0,,,47123533.0
176203,176203,Africa,Uganda,2022-04-22,164069.0,3597.0,,,47123533.0
176204,176204,Africa,Uganda,2022-04-23,164069.0,3597.0,,,47123533.0
176205,176205,Africa,Uganda,2022-04-24,164069.0,3597.0,2612795.0,,47123533.0
176206,176206,Africa,Uganda,2022-04-25,164069.0,3597.0,,,47123533.0
176207,176207,Africa,Uganda,2022-04-26,164069.0,3597.0,,19643808.0,47123533.0
176208,176208,Africa,Uganda,2022-04-27,164069.0,3597.0,,,47123533.0
176209,176209,Africa,Uganda,2022-04-28,164069.0,3597.0,,,47123533.0
176210,176210,Africa,Uganda,2022-04-29,164084.0,3597.0,,,47123533.0
176211,176211,Africa,Uganda,2022-04-30,164084.0,3597.0,,,47123533.0
176212,176212,Africa,Uganda,2022-05-01,164084.0,3597.0,,20223978.0,47123533.0
176213,176213,Africa,Uganda,2022-05-02,164104.0,3597.0,,,47123533.0
176214,176214,Africa,Uganda,2022-05-03,164104.0,3597.0,,,47123533.0
176215,176215,Africa,Uganda,2022-05-04,164104.0,3597.0,2651965.0,,47123533.0
176216,176216,Africa,Uganda,2022-05-05,164104.0,3597.0,,,47123533.0
176217,176217,Africa,Uganda,2022-05-06,164118.0,3598.0,,,47123533.0
176218,176218,Africa,Uganda,2022-05-07,164118.0,3598.0,,,47123533.0
176219,176219,Africa,Uganda,2022-05-08,164118.0,3598.0,,20899440.0,47123533.0
176220,176220,Africa,Uganda,2022-05-09,164149.0,3598.0,,,47123533.0
176221,176221,Africa,Uganda,2022-05-10,164153.0,3598.0,,,47123533.0
176222,176222,Africa,Uganda,2022-05-11,164153.0,3598.0,2665752.0,,47123533.0
176223,176223,Africa,Uganda,2022-05-12,164153.0,3598.0,,,47123533.0
176224,176224,Africa,Uganda,2022-05-13,164153.0,3598.0,,,47123533.0
176225,176225,Africa,Uganda,2022-05-14,164153.0,3598.0,,,47123533.0
176226,176226,Africa,Uganda,2022-05-15,164153.0,3598.0,,20899440.0,47123533.0
176227,176227,Africa,Uganda,2022-05-16,164153.0,3598.0,,,47123533.0
176228,176228,Africa,Uganda,2022-05-17,164153.0,3598.0,,,47123533.0
176229,176229,Africa,Uganda,2022-05-18,164153.0,3598.0,2681702.0,,47123533.0
176230,176230,Africa,Uganda,2022-05-19,164153.0,3598.0,,,47123533.0
176231,176231,Africa,Uganda,2022-05-20,164153.0,3598.0,,,47123533.0
176232,176232,Africa,Uganda,2022-05-21,164153.0,3598.0,,,47123533.0
176233,176233,Africa,Uganda,2022-05-22,164153.0,3598.0,,21044430.0,47123533.0
176234,176234,Africa,Uganda,2022-05-23,164153.0,3598.0,,,47123533.0
176235,176235,Africa,Uganda,2022-05-24,164331.0,3600.0,,,47123533.0
176236,176236,Africa,Uganda,2022-05-25,164331.0,3600.0,,,47123533.0
176237,176237,Africa,Uganda,2022-05-26,164331.0,3600.0,,,47123533.0
176238,176238,Africa,Uganda,2022-05-27,164366.0,3602.0,,,47123533.0
